【整租】A+麒寓 管庄 A+麒寓管庄店,管庄,2560-4000,http://bj.58.com/pinpaigongyu/33344294461364x.shtml?psid=159757274199509339902485667
【整租】新华大街 潞河中学北街小区 1室1厅,潞河中学北街小区,2180,http://bj.58.com/pinpaigongyu/33318880908743x.shtml?psid=159757274199509339902485667
【整租】福泰院子 上地 上地福泰院子,上地,3000-3600,http://bj.58.com/pinpaigongyu/33255743706316x.shtml?psid=159757274199509339902485667
【整租】新华大街 西上园 1室1厅,西上园,2180,http://bj.58.com/pinpaigongyu/33219001433167x.shtml?psid=159757274199509339902485667
【整租】垡头 乐乎城市青年社区 1室1厅,【整租】垡头,2650,http://bj.58.com/pinpaigongyu/33257333911221x.shtml?psid=159757274199509339902485667
【整租】A+麒寓 双桥 A+麒寓双桥店,双桥,2560-4000,http://bj.58.com/pinpaigongyu/33487974279361x.shtml?psid=159757274199509339902485667
【合租】孙河 康营家园15期 3室主卧,康营家园15期,2480,http://bj.58.com/pinpaigongyu/32964431097390x.shtml?psid=159757274199509339902485667
【整租】双桥 乐乎城市青年社区 1室1厅,【整租】双桥,2550,http://bj.58.com/pinpaigongyu/32423213215422x.shtml?psid=159757274199509339902485667
【整租】百子湾 乐乎城市青年社区 1室1厅,【整租】百子湾,2850,http://bj.58.com/pinpaigongyu/33186583528650x.shtml?psid=159757274199509339902485667
【整租】百子湾 乐乎城市青年社区 1室1厅,【整租】百子湾,2999,http://bj.58.com/pinpaigongyu/32423823239376x.shtml?psid=159757274199509339902485667
【合租】安贞 安贞里(三区) 3室次卧,安贞里(三区),2660,http://bj.58.com/pinpaigongyu/31530931423534x.shtml?psid=159757274199509339902485667
【整租】乐乎社区 垡头 乐乎京哈,垡头,2500-2800,http://bj.58.com/pinpaigongyu/33521205899830x.shtml?psid=159757274199509339902485667
【合租】朝青板块 金隅汇星苑 3室主卧,金隅汇星苑,2730,http://bj.58.com/pinpaigongyu/33511836647746x.shtml?psid=159757274199509339902485667
【合租】欢乐谷 世纪东方嘉园(北 3室主卧,世纪东方嘉园(北,2870,http://bj.58.com/pinpaigongyu/32956651432135x.shtml?psid=159757274199509339902485667
【合租】北苑 茉藜园 3室次卧,茉藜园,2500,http://bj.58.com/pinpaigongyu/32292646086982x.shtml?psid=159757274199509339902485667
【整租】魔方公寓 梨园 通州梨园店,梨园,3000-3209,http://bj.58.com/pinpaigongyu/32954321396048x.shtml?psid=159757274199509339902485667
【合租】果园 达富苑小区 4室主卧,达富苑小区,2350,http://bj.58.com/pinpaigongyu/33551104601410x.shtml?psid=159757274199509339902485667
【合租】崇文门 国瑞城东区 4室次卧,国瑞城东区,2400,http://bj.58.com/pinpaigongyu/31830286928578x.shtml?psid=159757274199509339902485667
【整租】豆各庄 海棠公社(2号院 1室1厅,海棠公社(2号院,2450,http://bj.58.com/pinpaigongyu/33486019673038x.shtml?psid=159757274199509339902485667
【合租】肖家河 肖家河回迁住宅( 3室次卧,肖家河回迁住宅(,2690,http://bj.58.com/pinpaigongyu/33506614375353x.shtml?psid=159757274199509339902485667
【整租】百子湾 乐乎城市青年社区 1室1厅,【整租】百子湾,2750,http://bj.58.com/pinpaigongyu/33230214160961x.shtml?psid=173640731199509339942976468
【整租】朝阳周边 马房寺 1室1厅,马房寺,2500,http://bj.58.com/pinpaigongyu/32798683402925x.shtml?psid=173640731199509339942976468
【整租】通州北苑 乐乎城市青年社区 1室1厅,【整租】通州北苑,2400,http://bj.58.com/pinpaigongyu/33509862737067x.shtml?psid=173640731199509339942976468
【整租】花乡 乐乎社区 1室1厅,乐乎社区,2600,http://bj.58.com/pinpaigongyu/33517928293162x.shtml?psid=173640731199509339942976468
【整租】新华大街 新城东里 1室1厅,新城东里,2180,http://bj.58.com/pinpaigongyu/33211376056508x.shtml?psid=173640731199509339942976468
【整租】九棵树 九棵树家园 1室1厅,九棵树家园,2180,http://bj.58.com/pinpaigongyu/33318588132926x.shtml?psid=173640731199509339942976468
【合租】孙河 康营家园12期 2室主卧,康营家园12期,2480,http://bj.58.com/pinpaigongyu/33550558236471x.shtml?psid=173640731199509339942976468
【合租】孙河 康营家园29期 3室主卧,康营家园29期,2580,http://bj.58.com/pinpaigongyu/33462465414594x.shtml?psid=173640731199509339942976468
【整租】通州北苑 后南仓小区 1室1厅,后南仓小区,2180,http://bj.58.com/pinpaigongyu/33212154922026x.shtml?psid=173640731199509339942976468
【合租】孙河 康营家园23期 3室主卧,康营家园23期,2380,http://bj.58.com/pinpaigongyu/33517333561285x.shtml?psid=173640731199509339942976468
【整租】高碑店 传媒大学函数社区 1室1厅,传媒大学函数社区,3000,http://bj.58.com/pinpaigongyu/32854590287665x.shtml?psid=173640731199509339942976468
【整租】乐乎公寓 四惠 传媒大学店,四惠,2650-2900,http://bj.58.com/pinpaigongyu/32415427957066x.shtml?psid=173640731199509339942976468
【整租】太平桥 首科花园 1室0厅,首科花园,3000,http://bj.58.com/pinpaigongyu/31507394625850x.shtml?psid=173640731199509339942976468
【整租】良乡 旭辉E天地 1室1厅,旭辉E天地,2750,http://bj.58.com/pinpaigongyu/33393255559085x.shtml?psid=173640731199509339942976468
【合租】安贞 安贞里(三区) 3室次卧,安贞里(三区),2600,http://bj.58.com/pinpaigongyu/32106102852812x.shtml?psid=173640731199509339942976468
【整租】青遇home 高碑店 青遇店,高碑店,2700-4500,http://bj.58.com/pinpaigongyu/33528371196597x.shtml?psid=173640731199509339942976468
【合租】定福庄 定福家园北里 3室次卧,定福家园北里,2680,http://bj.58.com/pinpaigongyu/33021476363072x.shtml?psid=173640731199509339942976468
【合租】果园 达富苑小区 4室主卧,达富苑小区,2350,http://bj.58.com/pinpaigongyu/33462421960631x.shtml?psid=173640731199509339942976468
【合租】崇文门 国瑞城中区 2室主卧,国瑞城中区,2950,http://bj.58.com/pinpaigongyu/32701391609160x.shtml?psid=173640731199509339942976468
【合租】芍药居 芍药居北里小区 3室主卧,芍药居北里小区,2800,http://bj.58.com/pinpaigongyu/32657806897594x.shtml?psid=173640731199509339942976468
【整租】高碑店 乐乎城市青年社区 1室1厅,【整租】高碑店,2800,http://bj.58.com/pinpaigongyu/33352714182590x.shtml?psid=190779559199509339976866564
【整租】新华大街 车站路小区 1室1厅,车站路小区,2080,http://bj.58.com/pinpaigongyu/33210993274808x.shtml?psid=190779559199509339976866564
【合租】大山子 康营家园 3室次卧,康营家园,2280,http://bj.58.com/pinpaigongyu/33496119892291x.shtml?psid=190779559199509339976866564
【合租】孙河 康营家园24期 3室次卧,康营家园24期,2280,http://bj.58.com/pinpaigongyu/33484787933234x.shtml?psid=190779559199509339976866564
【合租】孙河 康营家园12期 3室次卧,康营家园12期,2280,http://bj.58.com/pinpaigongyu/33550862235818x.shtml?psid=190779559199509339976866564
【整租】九棵树 九棵树家园 1室1厅,九棵树家园,2180,http://bj.58.com/pinpaigongyu/33211426935109x.shtml?psid=190779559199509339976866564
【整租】新华大街 新城东里 1室1厅,新城东里,2180,http://bj.58.com/pinpaigongyu/33210789411148x.shtml?psid=190779559199509339976866564
【整租】科技园区 乐乎城市青年社区 1室1厅,【整租】科技园区,2600,http://bj.58.com/pinpaigongyu/33395913885647x.shtml?psid=190779559199509339976866564
【整租】中仓 中仓小区 1室1厅,中仓小区,2180,http://bj.58.com/pinpaigongyu/33218975344181x.shtml?psid=190779559199509339976866564
【整租】通州北苑 乐乎城市青年社区 1室1厅,【整租】通州北苑,2300,http://bj.58.com/pinpaigongyu/33432280324295x.shtml?psid=190779559199509339976866564
【整租】百子湾 百子湾家园(A区 1室1厅,百子湾家园(A区,2700,http://bj.58.com/pinpaigongyu/33399510357434x.shtml?psid=190779559199509339976866564
【整租】乐乎城市青年社区 百子湾 百子湾花园二店,百子湾,2800-3400,http://bj.58.com/pinpaigongyu/33189299917753x.shtml?psid=190779559199509339976866564
【整租】乐乎公寓 四惠 传媒大学店,四惠,2650-2900,http://bj.58.com/pinpaigongyu/32359575107024x.shtml?psid=190779559199509339976866564
【合租】定福庄 定福家园北里 3室主卧,定福家园北里,2790,http://bj.58.com/pinpaigongyu/33474080769852x.shtml?psid=190779559199509339976866564
【合租】亦庄 南海家园二里 2室次卧,南海家园二里,2200,http://bj.58.com/pinpaigongyu/31564052226880x.shtml?psid=190779559199509339976866564
【整租】远江公寓 运河大街 运河大街店,运河大街,2680-3380,http://bj.58.com/pinpaigongyu/32378172541615x.shtml?psid=190779559199509339976866564
【整租】青遇home 高碑店 青遇店,高碑店,2700-3000,http://bj.58.com/pinpaigongyu/33473196442809x.shtml?psid=190779559199509339976866564
【合租】安贞 安贞西里四区 3室次卧,安贞西里四区,2600,http://bj.58.com/pinpaigongyu/32182539413816x.shtml?psid=190779559199509339976866564
【整租】丽泽桥 丽泽雅园 1室0厅,丽泽雅园,3000,http://bj.58.com/pinpaigongyu/31528911643191x.shtml?psid=190779559199509339976866564
【合租】中仓 西营前街小区 3室主卧,西营前街小区,2580,http://bj.58.com/pinpaigongyu/33013982374962x.shtml?psid=190779559199509339976866564
【整租】新华大街 车站路小区 1室1厅,车站路小区,2180,http://bj.58.com/pinpaigongyu/33232571475526x.shtml?psid=185902077199509340016634115
【整租】九棵树 九棵树家园 1室1厅,九棵树家园,2080,http://bj.58.com/pinpaigongyu/33374142004665x.shtml?psid=185902077199509340016634115
【合租】孙河 康营家园12期 2室主卧,康营家园12期,2580,http://bj.58.com/pinpaigongyu/33550591304617x.shtml?psid=185902077199509340016634115
【合租】孙河 康营家园25期 3室主卧,康营家园25期,2300,http://bj.58.com/pinpaigongyu/33462287906760x.shtml?psid=185902077199509340016634115
【整租】新华大街 北京ONE 1室1厅,北京ONE,2180,http://bj.58.com/pinpaigongyu/33318713408957x.shtml?psid=185902077199509340016634115
【整租】通州北苑 乐乎城市青年社区 1室1厅,【整租】通州北苑,2300,http://bj.58.com/pinpaigongyu/33509880109362x.shtml?psid=185902077199509340016634115
【整租】九棵树 九棵树家园 1室1厅,九棵树家园,2180,http://bj.58.com/pinpaigongyu/33212127652279x.shtml?psid=185902077199509340016634115
【整租】新华大街 潞河中学北街小区 1室1厅,潞河中学北街小区,2180,http://bj.58.com/pinpaigongyu/33211292289577x.shtml?psid=185902077199509340016634115
【整租】新华大街 新城东里 1室1厅,新城东里,2180,http://bj.58.com/pinpaigongyu/33211682083369x.shtml?psid=185902077199509340016634115
【合租】中仓 西营前街小区 1室主卧,西营前街小区,2180,http://bj.58.com/pinpaigongyu/33208851753800x.shtml?psid=185902077199509340016634115
【整租】四惠 通惠家园惠润园 1室1厅,通惠家园惠润园,2600,http://bj.58.com/pinpaigongyu/33363620108612x.shtml?psid=185902077199509340016634115
【整租】湾流国际青年社区 后沙峪 空港社区,后沙峪,2600-3600,http://bj.58.com/pinpaigongyu/32415380051764x.shtml?psid=185902077199509340016634115
【整租】乐乎公寓 科技园区 花乡店,科技园区,2800-3100,http://bj.58.com/pinpaigongyu/32415491801268x.shtml?psid=185902077199509340016634115
【合租】木樨园 双城公寓 3室次卧,【合租】木樨园,2000,http://bj.58.com/pinpaigongyu/32099585600329x.shtml?psid=185902077199509340016634115
【合租】西北旺 大牛坊(一期) 3室主卧,大牛坊(一期),2090,http://bj.58.com/pinpaigongyu/31409395689028x.shtml?psid=185902077199509340016634115
【整租】窝趣 机场 北京机场轻社区,机场,2350-3500,http://bj.58.com/pinpaigongyu/31634856339375x.shtml?psid=185902077199509340016634115
【合租】安贞 安贞西里一区 3室次卧,安贞西里一区,2700,http://bj.58.com/pinpaigongyu/31520461726766x.shtml?psid=185902077199509340016634115
【整租】马连道 马连道西里小区 1室0厅,马连道西里小区,2999,http://bj.58.com/pinpaigongyu/31449498998467x.shtml?psid=185902077199509340016634115
【合租】双桥 康泉小区 3室主卧,康泉小区,2130,http://bj.58.com/pinpaigongyu/33001226190904x.shtml?psid=185902077199509340016634115
【合租】崇文门 新景家园东区 2室主卧,新景家园东区,3000,http://bj.58.com/pinpaigongyu/32334176853963x.shtml?psid=185902077199509340016634115
【合租】孙河 康营家园17期 3室主卧,康营家园17期,2300,http://bj.58.com/pinpaigongyu/33462434287155x.shtml?psid=135540829199509340057079518
【合租】中仓 西营前街小区 1室主卧,西营前街小区,2180,http://bj.58.com/pinpaigongyu/33208736873413x.shtml?psid=135540829199509340057079518
【整租】欢乐谷 五方桥城市青年社 1室1厅,五方桥城市青年社,2500,http://bj.58.com/pinpaigongyu/32334652964145x.shtml?psid=135540829199509340057079518
【合租】三元桥 康营家园17期 3室主卧,康营家园17期,2480,http://bj.58.com/pinpaigongyu/33475937294914x.shtml?psid=135540829199509340057079518
【整租】中仓 西营前街小区 1室1厅,西营前街小区,2180,http://bj.58.com/pinpaigongyu/33208597258960x.shtml?psid=135540829199509340057079518
【整租】新华大街 车站路小区 1室1厅,车站路小区,2180,http://bj.58.com/pinpaigongyu/33210466704564x.shtml?psid=135540829199509340057079518
【整租】新华大街 潞河中学北街小区 1室1厅,潞河中学北街小区,2180,http://bj.58.com/pinpaigongyu/33211220976433x.shtml?psid=135540829199509340057079518
【整租】花乡 吐血优惠 1室1厅,吐血优惠,2600,http://bj.58.com/pinpaigongyu/33418763682382x.shtml?psid=135540829199509340057079518
【整租】新华大街 新城东里 1室1厅,新城东里,2180,http://bj.58.com/pinpaigongyu/33497485828286x.shtml?psid=135540829199509340057079518
【整租】九棵树 九棵树家园 1室1厅,九棵树家园,2180,http://bj.58.com/pinpaigongyu/33211247719089x.shtml?psid=135540829199509340057079518
【整租】乐乎社区 玉泉营 玉泉营中池店,玉泉营,2550-3100,http://bj.58.com/pinpaigongyu/33421456355260x.shtml?psid=135540829199509340057079518
【整租】乐乎社区 垡头 乐乎京哈,垡头,2450-2800,http://bj.58.com/pinpaigongyu/33521202673463x.shtml?psid=135540829199509340057079518
【合租】肖家河 肖家河回迁住宅( 3室次卧,肖家河回迁住宅(,2790,http://bj.58.com/pinpaigongyu/33341258236971x.shtml?psid=135540829199509340057079518
【合租】安贞 安贞西里一区 3室次卧,安贞西里一区,2700,http://bj.58.com/pinpaigongyu/31707535525190x.shtml?psid=135540829199509340057079518
【整租】六里桥 首科花园 1室0厅,首科花园,3000,http://bj.58.com/pinpaigongyu/31427244909997x.shtml?psid=135540829199509340057079518
【整租】魔方公寓 梨园 通州梨园店,梨园,3000-3200,http://bj.58.com/pinpaigongyu/32954382518857x.shtml?psid=135540829199509340057079518
【合租】崇文门 东花市北里中区 3室主卧,东花市北里中区,2600,http://bj.58.com/pinpaigongyu/32367868509758x.shtml?psid=135540829199509340057079518
【合租】惠新西街 惠新北里社区 4室主卧,惠新北里社区,3000,http://bj.58.com/pinpaigongyu/32289676536654x.shtml?psid=135540829199509340057079518
【合租】果园 达富苑小区 4室主卧,达富苑小区,2350,http://bj.58.com/pinpaigongyu/33510488040364x.shtml?psid=135540829199509340057079518
【合租】十里堡 京棉新城 4室次卧,京棉新城,2400,http://bj.58.com/pinpaigongyu/32017135865541x.shtml?psid=135540829199509340057079518
【整租】九棵树 九棵树家园 1室1厅,九棵树家园,2180,http://bj.58.com/pinpaigongyu/33211247719089x.shtml?psid=198023629199509340093784912
【整租】新华大街 新城东里 1室1厅,新城东里,2180,http://bj.58.com/pinpaigongyu/33497438720450x.shtml?psid=198023629199509340093784912
【整租】花乡 乐乎社区 1室1厅,乐乎社区,2600,http://bj.58.com/pinpaigongyu/33418786426027x.shtml?psid=198023629199509340093784912
【合租】孙河 康营家园6期 3室主卧,康营家园6期,2000,http://bj.58.com/pinpaigongyu/33420017642933x.shtml?psid=198023629199509340093784912
【整租】新华大街 潞河中学北街小区 1室1厅,潞河中学北街小区,2180,http://bj.58.com/pinpaigongyu/33384794371756x.shtml?psid=198023629199509340093784912
【整租】新华大街 潞河园 1室1厅,潞河园,2180,http://bj.58.com/pinpaigongyu/33210686230221x.shtml?psid=198023629199509340093784912
【整租】玉泉营 乐乎城市青年社区 1室1厅,【整租】玉泉营,2600,http://bj.58.com/pinpaigongyu/32392941716029x.shtml?psid=198023629199509340093784912
【整租】新华大街 潞河中学北街小区 1室1厅,潞河中学北街小区,2180,http://bj.58.com/pinpaigongyu/33318896133575x.shtml?psid=198023629199509340093784912
【整租】花乡 乐乎青年社区 1室1厅,【整租】花乡,2600,http://bj.58.com/pinpaigongyu/33473494575147x.shtml?psid=198023629199509340093784912
【整租】花乡 乐乎城市青年社区 1室1厅,【整租】花乡,2600,http://bj.58.com/pinpaigongyu/33473241154603x.shtml?psid=198023629199509340093784912
【合租】安贞 安贞里(二区) 3室次卧,安贞里(二区),2500,http://bj.58.com/pinpaigongyu/31520483078862x.shtml?psid=198023629199509340093784912
【整租】乐乎公寓 四惠 传媒大学店,四惠,2650-2900,http://bj.58.com/pinpaigongyu/32359575107024x.shtml?psid=198023629199509340093784912
【合租】双井 合生国际花园(二 3室主卧,合生国际花园(二,3000,http://bj.58.com/pinpaigongyu/33000415148724x.shtml?psid=198023629199509340093784912
【合租】崇文门 国瑞城中区 2室次卧,国瑞城中区,2500,http://bj.58.com/pinpaigongyu/32842839069489x.shtml?psid=198023629199509340093784912
【合租】来广营 东洲家园 3室次卧,东洲家园,2200,http://bj.58.com/pinpaigongyu/32666949939497x.shtml?psid=198023629199509340093784912
【整租】青遇home 高碑店 青遇店,高碑店,2700-3000,http://bj.58.com/pinpaigongyu/33473196442809x.shtml?psid=198023629199509340093784912
【整租】双桥 双惠苑 1室0厅,双惠苑,2200,http://bj.58.com/pinpaigongyu/33342790277418x.shtml?psid=198023629199509340093784912
【合租】十里堡 爱这城二期 3室次卧,爱这城二期,2800,http://bj.58.com/pinpaigongyu/33030977013557x.shtml?psid=198023629199509340093784912
【整租】长阳 稻田小区 1室1厅,稻田小区,2700,http://bj.58.com/pinpaigongyu/33385392007248x.shtml?psid=198023629199509340093784912
【整租】豆各庄 海棠公社(2号院 1室1厅,海棠公社(2号院,2400,http://bj.58.com/pinpaigongyu/33319903555790x.shtml?psid=198023629199509340093784912
【整租】百子湾 百子湾 1室1厅,百子湾,2500,http://bj.58.com/pinpaigongyu/33509926250683x.shtml?psid=171215331199509340134226438
【整租】九棵树 九棵树家园 1室1厅,九棵树家园,2180,http://bj.58.com/pinpaigongyu/33318692341557x.shtml?psid=171215331199509340134226438
【整租】百子湾 乐乎城市青年社区 1室1厅,【整租】百子湾,2700,http://bj.58.com/pinpaigongyu/32799010872124x.shtml?psid=171215331199509340134226438
【整租】垡头 乐乎城市青年社区 1室1厅,【整租】垡头,2450,http://bj.58.com/pinpaigongyu/33409760815797x.shtml?psid=171215331199509340134226438
【整租】百子湾 乐乎城市青年社区 1室1厅,【整租】百子湾,2800,http://bj.58.com/pinpaigongyu/33197339293109x.shtml?psid=171215331199509340134226438
【整租】新华大街 潞河园 1室1厅,潞河园,2180,http://bj.58.com/pinpaigongyu/33218898079310x.shtml?psid=171215331199509340134226438
【整租】花乡 乐乎城市青年社区 1室1厅,【整租】花乡,2600,http://bj.58.com/pinpaigongyu/33297723672238x.shtml?psid=171215331199509340134226438
【合租】孙河 康营家园17期 3室主卧,康营家园17期,2480,http://bj.58.com/pinpaigongyu/33550881301172x.shtml?psid=171215331199509340134226438
【整租】九棵树 九棵树家园 1室1厅,九棵树家园,2180,http://bj.58.com/pinpaigongyu/33211602897344x.shtml?psid=171215331199509340134226438
【整租】百子湾 乐乎城市青年社区 1室1厅,【整租】百子湾,2999,http://bj.58.com/pinpaigongyu/32423881644466x.shtml?psid=171215331199509340134226438
【合租】果园 达富苑小区 4室主卧,达富苑小区,2500,http://bj.58.com/pinpaigongyu/33506323782068x.shtml?psid=171215331199509340134226438
【整租】乐乎城市青年社区 世界公园 总部基地城乡店,世界公园,2000-2400,http://bj.58.com/pinpaigongyu/32559221185346x.shtml?psid=171215331199509340134226438
【合租】四惠 东恒时代(三期) 3室次卧,东恒时代(三期),3000,http://bj.58.com/pinpaigongyu/33031410049082x.shtml?psid=171215331199509340134226438
【整租】长阳 稻田小区 1室1厅,稻田小区,2800,http://bj.58.com/pinpaigongyu/33522659982405x.shtml?psid=171215331199509340134226438
【合租】石榴庄 石榴园南里小区 3室次卧,石榴园南里小区,2530,http://bj.58.com/pinpaigongyu/33511377045444x.shtml?psid=171215331199509340134226438
【整租】远江公寓 运河大街 运河大街店,运河大街,2680-2880,http://bj.58.com/pinpaigongyu/31497316608447x.shtml?psid=171215331199509340134226438
【整租】豆各庄 青青家园 1室1厅,青青家园,2450,http://bj.58.com/pinpaigongyu/33473835489462x.shtml?psid=171215331199509340134226438
【整租】高碑店 函数社区传媒大学 1室1厅,函数社区传媒大学,3000,http://bj.58.com/pinpaigongyu/32746081928513x.shtml?psid=171215331199509340134226438
【整租】百子湾 百子湾路小区 1室1厅,百子湾路小区,2800,http://bj.58.com/pinpaigongyu/33373905896266x.shtml?psid=171215331199509340134226438
【合租】亦庄 南海家园一里 3室次卧,南海家园一里,2000,http://bj.58.com/pinpaigongyu/33293817954253x.shtml?psid=171215331199509340134226438
【整租】百子湾 百子湾 1室1厅,百子湾,2500,http://bj.58.com/pinpaigongyu/33509926250683x.shtml?psid=119122136199509340179446577
【整租】九棵树 九棵树家园 1室1厅,九棵树家园,2180,http://bj.58.com/pinpaigongyu/33318692341557x.shtml?psid=119122136199509340179446577
【整租】百子湾 乐乎城市青年社区 1室1厅,【整租】百子湾,2700,http://bj.58.com/pinpaigongyu/32799010872124x.shtml?psid=119122136199509340179446577
【整租】垡头 乐乎城市青年社区 1室1厅,【整租】垡头,2450,http://bj.58.com/pinpaigongyu/33409760815797x.shtml?psid=119122136199509340179446577
【整租】百子湾 乐乎城市青年社区 1室1厅,【整租】百子湾,2800,http://bj.58.com/pinpaigongyu/33197339293109x.shtml?psid=119122136199509340179446577
【整租】新华大街 潞河园 1室1厅,潞河园,2180,http://bj.58.com/pinpaigongyu/33218898079310x.shtml?psid=119122136199509340179446577
【整租】花乡 乐乎城市青年社区 1室1厅,【整租】花乡,2600,http://bj.58.com/pinpaigongyu/33297723672238x.shtml?psid=119122136199509340179446577
【合租】孙河 康营家园17期 3室主卧,康营家园17期,2480,http://bj.58.com/pinpaigongyu/33550881301172x.shtml?psid=119122136199509340179446577
【整租】九棵树 九棵树家园 1室1厅,九棵树家园,2180,http://bj.58.com/pinpaigongyu/33211602897344x.shtml?psid=119122136199509340179446577
【整租】百子湾 乐乎城市青年社区 1室1厅,【整租】百子湾,2999,http://bj.58.com/pinpaigongyu/32423881644466x.shtml?psid=119122136199509340179446577
【整租】马连道 红莲晴园 1室0厅,红莲晴园,3000,http://bj.58.com/pinpaigongyu/31528849892653x.shtml?psid=119122136199509340179446577
【整租】湾流国际青年社区 石门 首都机场社区,石门,2800-3300,http://bj.58.com/pinpaigongyu/31541694747948x.shtml?psid=119122136199509340179446577
【整租】来广营 观唐 2室1厅,观唐,2800,http://bj.58.com/pinpaigongyu/33523441145774x.shtml?psid=119122136199509340179446577
【合租】亦庄 南海家园三里 3室次卧,南海家园三里,2000,http://bj.58.com/pinpaigongyu/31564224139193x.shtml?psid=119122136199509340179446577
【合租】安贞 安贞里(三区) 3室次卧,安贞里(三区),2600,http://bj.58.com/pinpaigongyu/31685599692085x.shtml?psid=119122136199509340179446577
【整租】窝趣 机场 北京机场轻社区,机场,2350-3500,http://bj.58.com/pinpaigongyu/31475239600964x.shtml?psid=119122136199509340179446577
【合租】崇文门 新景家园东区 2室主卧,新景家园东区,2700,http://bj.58.com/pinpaigongyu/32666179507123x.shtml?psid=119122136199509340179446577
【合租】芍药居 芍药居北里小区 3室主卧,芍药居北里小区,2800,http://bj.58.com/pinpaigongyu/33341278047923x.shtml?psid=119122136199509340179446577
【合租】果园 达富苑小区 4室主卧,达富苑小区,2350,http://bj.58.com/pinpaigongyu/33542902429240x.shtml?psid=119122136199509340179446577
【合租】大望路 观音惠园 3室主卧,观音惠园,2600,http://bj.58.com/pinpaigongyu/32964554575041x.shtml?psid=119122136199509340179446577
【整租】欢乐谷 城市青年社区 1室1厅,【整租】欢乐谷,2450,http://bj.58.com/pinpaigongyu/32336674341052x.shtml?psid=123477218199509340201953135
【整租】花乡 乐乎城市青年社区 1室1厅,【整租】花乡,2600,http://bj.58.com/pinpaigongyu/33466070015533x.shtml?psid=123477218199509340201953135
【整租】花乡 乐乎城市青年社区 1室1厅,【整租】花乡,2700,http://bj.58.com/pinpaigongyu/33510186031276x.shtml?psid=123477218199509340201953135
【整租】百子湾 百子湾家园(A区 1室1厅,百子湾家园(A区,2800,http://bj.58.com/pinpaigongyu/33541339035844x.shtml?psid=123477218199509340201953135
【整租】新华大街 车站路小区 1室1厅,车站路小区,2080,http://bj.58.com/pinpaigongyu/33374176995523x.shtml?psid=123477218199509340201953135
【整租】百子湾 乐乎城市青年社区 1室1厅,【整租】百子湾,2899,http://bj.58.com/pinpaigongyu/33246964233385x.shtml?psid=123477218199509340201953135
【整租】玉泉营 万年花城 1室1厅,万年花城,2600,http://bj.58.com/pinpaigongyu/33485715578159x.shtml?psid=123477218199509340201953135
【整租】双桥 乐乎城市青年社区 1室1厅,【整租】双桥,2650,http://bj.58.com/pinpaigongyu/32536245900986x.shtml?psid=123477218199509340201953135
【合租】孙河 康营家园29期 2室主卧,康营家园29期,2100,http://bj.58.com/pinpaigongyu/33495501469355x.shtml?psid=123477218199509340201953135
【合租】来广营 康营家园14期 3室主卧,康营家园14期,2480,http://bj.58.com/pinpaigongyu/32737052412329x.shtml?psid=123477218199509340201953135
【合租】九棵树 K2玉兰湾 4室主卧,K2玉兰湾,2250,http://bj.58.com/pinpaigongyu/33511338150474x.shtml?psid=123477218199509340201953135
【整租】乐乎社区 玉泉营 玉泉营中池店,玉泉营,2550-3100,http://bj.58.com/pinpaigongyu/33421451230917x.shtml?psid=123477218199509340201953135
【合租】四惠 东恒时代(三期) 3室次卧,东恒时代(三期),2800,http://bj.58.com/pinpaigongyu/33034342815405x.shtml?psid=123477218199509340201953135
【合租】双桥 金隅康惠园 3室次卧,金隅康惠园,2360,http://bj.58.com/pinpaigongyu/33518136183619x.shtml?psid=123477218199509340201953135
【整租】豆各庄 海棠公社(4号院 1室1厅,海棠公社(4号院,2450,http://bj.58.com/pinpaigongyu/33473789849650x.shtml?psid=123477218199509340201953135
【整租】乐乎公寓 科技园区 花乡店,科技园区,2800-3100,http://bj.58.com/pinpaigongyu/32415491801268x.shtml?psid=123477218199509340201953135
【合租】天竺 翠竹新村 3室主卧,翠竹新村,2280,http://bj.58.com/pinpaigongyu/33521338652219x.shtml?psid=123477218199509340201953135
【合租】垡头 格林莱雅 3室主卧,格林莱雅,2720,http://bj.58.com/pinpaigongyu/32743222660275x.shtml?psid=123477218199509340201953135
【合租】崇文门 新裕家园 2室主卧,新裕家园,3000,http://bj.58.com/pinpaigongyu/32887228953291x.shtml?psid=123477218199509340201953135
【合租】芍药居 芍药居北里小区 3室次卧,芍药居北里小区,2300,http://bj.58.com/pinpaigongyu/32657941039309x.shtml?psid=123477218199509340201953135
【合租】来广营 康营家园17期 3室主卧,康营家园17期,2300,http://bj.58.com/pinpaigongyu/33476018212653x.shtml?psid=152243383199509340257482482
【整租】中仓 西营前街小区 1室1厅,西营前街小区,2180,http://bj.58.com/pinpaigongyu/33210383660617x.shtml?psid=152243383199509340257482482
【整租】百子湾 中海安德鲁斯庄园 1室1厅,中海安德鲁斯庄园,2800,http://bj.58.com/pinpaigongyu/33541373477455x.shtml?psid=152243383199509340257482482
【整租】双桥 乐乎城市青年社区 1室1厅,【整租】双桥,2650,http://bj.58.com/pinpaigongyu/32536223069628x.shtml?psid=152243383199509340257482482
【整租】通州北苑 后南仓小区 1室1厅,后南仓小区,2180,http://bj.58.com/pinpaigongyu/33212090994633x.shtml?psid=152243383199509340257482482
【整租】百子湾 乐乎城市青年社区 1室1厅,【整租】百子湾,2800,http://bj.58.com/pinpaigongyu/32854082918724x.shtml?psid=152243383199509340257482482
【整租】九棵树 九棵树家园 1室1厅,九棵树家园,2180,http://bj.58.com/pinpaigongyu/33318665882189x.shtml?psid=152243383199509340257482482
【整租】百子湾 乐乎城市青年社区 1室1厅,【整租】百子湾,2850,http://bj.58.com/pinpaigongyu/33186745611060x.shtml?psid=152243383199509340257482482
【整租】九棵树 九棵树家园 1室1厅,九棵树家园,2180,http://bj.58.com/pinpaigongyu/33211061246282x.shtml?psid=152243383199509340257482482
【整租】新华大街 潞河园 1室1厅,潞河园,2180,http://bj.58.com/pinpaigongyu/33211525489616x.shtml?psid=152243383199509340257482482
【合租】果园 达富苑小区 4室主卧,达富苑小区,2350,http://bj.58.com/pinpaigongyu/33543412726061x.shtml?psid=152243383199509340257482482
【整租】青遇home 高碑店 青遇店,高碑店,2500-2700,http://bj.58.com/pinpaigongyu/33473328021951x.shtml?psid=152243383199509340257482482
【合租】四惠 通惠家园惠民园 4室次卧,通惠家园惠民园,2300,http://bj.58.com/pinpaigongyu/33540422246201x.shtml?psid=152243383199509340257482482
【合租】回龙观 龙跃苑东二区 4室主卧,龙跃苑东二区,2710,http://bj.58.com/pinpaigongyu/33533570688431x.shtml?psid=152243383199509340257482482
【合租】亦庄 南海家园一里 3室次卧,南海家园一里,2050,http://bj.58.com/pinpaigongyu/33293818672963x.shtml?psid=152243383199509340257482482
【整租】魔方公寓 石榴庄 丰台石榴庄A店,石榴庄,3000-4500,http://bj.58.com/pinpaigongyu/32954374320938x.shtml?psid=152243383199509340257482482
【合租】常营 常营民族家园 3室次卧,常营民族家园,3000,http://bj.58.com/pinpaigongyu/32569887079872x.shtml?psid=152243383199509340257482482
【合租】崇文门 新景家园东区 1室主卧,新景家园东区,3000,http://bj.58.com/pinpaigongyu/32193081764796x.shtml?psid=152243383199509340257482482
【合租】亚运村 安慧北里安园 3室主卧,安慧北里安园,3000,http://bj.58.com/pinpaigongyu/33520890158925x.shtml?psid=152243383199509340257482482
【合租】东关 富力运河10号小 3室主卧,富力运河10号小,2600,http://bj.58.com/pinpaigongyu/33541758505538x.shtml?psid=152243383199509340257482482
【整租】玉泉营 万年花城玫瑰碗 1室1厅,万年花城玫瑰碗,2800,http://bj.58.com/pinpaigongyu/33541660089131x.shtml?psid=163028598199509340297433542
【整租】中仓 西营前街小区 1室1厅,西营前街小区,2080,http://bj.58.com/pinpaigongyu/33219015004847x.shtml?psid=163028598199509340297433542
【合租】孙河 康营家园17期 3室主卧,康营家园17期,2380,http://bj.58.com/pinpaigongyu/33517363427530x.shtml?psid=163028598199509340297433542
【合租】孙河 康营家园5区 3室主卧,康营家园5区,2300,http://bj.58.com/pinpaigongyu/33462328095797x.shtml?psid=163028598199509340297433542
【整租】新华大街 西上园 1室1厅,西上园,2180,http://bj.58.com/pinpaigongyu/33210588177844x.shtml?psid=163028598199509340297433542
【整租】新华大街 新城东里 1室1厅,新城东里,2180,http://bj.58.com/pinpaigongyu/33211701290421x.shtml?psid=163028598199509340297433542
【整租】九棵树 九棵树家园 1室1厅,九棵树家园,2180,http://bj.58.com/pinpaigongyu/33318639369650x.shtml?psid=163028598199509340297433542
【合租】孙河 康营家园7期 3室次卧,康营家园7期,2100,http://bj.58.com/pinpaigongyu/33462210062511x.shtml?psid=163028598199509340297433542
【整租】新华大街 新城东里 1室1厅,新城东里,2180,http://bj.58.com/pinpaigongyu/33497416474554x.shtml?psid=163028598199509340297433542
【整租】百子湾 乐乎城市青年社区 1室1厅,【整租】百子湾,2899,http://bj.58.com/pinpaigongyu/32403790339392x.shtml?psid=163028598199509340297433542
【合租】十里堡 爱这城二期 4室次卧,爱这城二期,2900,http://bj.58.com/pinpaigongyu/32013726691140x.shtml?psid=163028598199509340297433542
【整租】远江公寓 运河大街 运河大街店,运河大街,2780-2980,http://bj.58.com/pinpaigongyu/31497376909770x.shtml?psid=163028598199509340297433542
【合租】安贞 安贞西里四区 3室次卧,安贞西里四区,2600,http://bj.58.com/pinpaigongyu/31652029610809x.shtml?psid=163028598199509340297433542
【合租】常营 保利嘉园3号院 5室主卧,保利嘉园3号院,2980,http://bj.58.com/pinpaigongyu/31926074850107x.shtml?psid=163028598199509340297433542
【合租】东花市 花市枣苑 3室主卧,花市枣苑,2500,http://bj.58.com/pinpaigongyu/32679275447988x.shtml?psid=163028598199509340297433542
【整租】乐乎城市青年社区 垡头 乐乎五方桥店,垡头,2540-2850,http://bj.58.com/pinpaigongyu/31420092255659x.shtml?psid=163028598199509340297433542
【合租】果园 达富苑小区 4室主卧,达富苑小区,2350,http://bj.58.com/pinpaigongyu/33552419776297x.shtml?psid=163028598199509340297433542
【合租】管庄 朝阳旺角 4室主卧,朝阳旺角,2150,http://bj.58.com/pinpaigongyu/33266585444276x.shtml?psid=163028598199509340297433542
【合租】四惠 东恒时代(三期) 3室次卧,东恒时代(三期),3000,http://bj.58.com/pinpaigongyu/33539973557557x.shtml?psid=163028598199509340297433542
【合租】回龙观 融泽嘉园2号院 3室主卧,融泽嘉园2号院,2760,http://bj.58.com/pinpaigongyu/33508303878336x.shtml?psid=163028598199509340297433542
【整租】欢乐谷 乐乎城市青年社区 1室1厅,【整租】欢乐谷,2450,http://bj.58.com/pinpaigongyu/32336798948666x.shtml?psid=197207458199509340340455634
【合租】九棵树 九棵树家园 1室主卧,九棵树家园,2180,http://bj.58.com/pinpaigongyu/33208638980658x.shtml?psid=197207458199509340340455634
【整租】新华大街 万达广场 1室1厅,万达广场,2180,http://bj.58.com/pinpaigongyu/33210932009395x.shtml?psid=197207458199509340340455634
【整租】新华大街 万达广场 1室1厅,万达广场,2180,http://bj.58.com/pinpaigongyu/33210909283627x.shtml?psid=197207458199509340340455634
【整租】玉泉营 乐乎社区 1室1厅,乐乎社区,2800,http://bj.58.com/pinpaigongyu/33190991750078x.shtml?psid=197207458199509340340455634
【整租】双桥 乐乎城市青年社区 1室1厅,【整租】双桥,2650,http://bj.58.com/pinpaigongyu/32337830036659x.shtml?psid=197207458199509340340455634
【整租】花乡 乐乎城市青年社区 1室1厅,【整租】花乡,2600,http://bj.58.com/pinpaigongyu/32346112193605x.shtml?psid=197207458199509340340455634
【整租】A+麒寓 管庄 A+麒寓管庄店,管庄,2560-4000,http://bj.58.com/pinpaigongyu/33344294461364x.shtml?psid=197207458199509340340455634
【整租】新华大街 潞河园 1室1厅,潞河园,2180,http://bj.58.com/pinpaigongyu/33497622523446x.shtml?psid=197207458199509340340455634
【整租】通州北苑 乐乎城市青年社区 1室1厅,【整租】通州北苑,2300,http://bj.58.com/pinpaigongyu/33432220697133x.shtml?psid=197207458199509340340455634
【合租】崇文门 国瑞城中区 3室主卧,国瑞城中区,2700,http://bj.58.com/pinpaigongyu/32051197251648x.shtml?psid=197207458199509340340455634
【整租】窝趣 机场 北京机场轻社区,机场,2350-3500,http://bj.58.com/pinpaigongyu/31579560525251x.shtml?psid=197207458199509340340455634
【合租】果园 达富苑小区 4室主卧,达富苑小区,2350,http://bj.58.com/pinpaigongyu/33550492945071x.shtml?psid=197207458199509340340455634
【合租】四惠 双惠苑 3室主卧,双惠苑,2110,http://bj.58.com/pinpaigongyu/33255415651130x.shtml?psid=197207458199509340340455634
【合租】八里庄 东恒时代(三期) 4室次卧,东恒时代(三期),3000,http://bj.58.com/pinpaigongyu/32491449977040x.shtml?psid=197207458199509340340455634
【整租】乐乎公寓 科技园区 花乡店,科技园区,2750-3200,http://bj.58.com/pinpaigongyu/33510280585396x.shtml?psid=197207458199509340340455634
【合租】安贞 安贞里四区 3室次卧,安贞里四区,2600,http://bj.58.com/pinpaigongyu/32634901706428x.shtml?psid=197207458199509340340455634
【合租】垡头 格林莱雅 4室主卧,格林莱雅,2710,http://bj.58.com/pinpaigongyu/31796075475015x.shtml?psid=197207458199509340340455634
【合租】崇文门 国瑞城东区 2室次卧,国瑞城东区,2500,http://bj.58.com/pinpaigongyu/32754473499725x.shtml?psid=197207458199509340340455634
【合租】芍药居 芍药居5号院 3室主卧,芍药居5号院,2700,http://bj.58.com/pinpaigongyu/33520738483520x.shtml?psid=197207458199509340340455634
【合租】孙河 康营家园24期 2室次卧,康营家园24期,2280,http://bj.58.com/pinpaigongyu/33550516667705x.shtml?psid=117192097199509340384912032
【整租】垡头 乐乎城市青年社区 1室1厅,【整租】垡头,2450,http://bj.58.com/pinpaigongyu/32336282665405x.shtml?psid=117192097199509340384912032
【整租】新华大街 车站路小区 1室1厅,车站路小区,2180,http://bj.58.com/pinpaigongyu/33218942847431x.shtml?psid=117192097199509340384912032
【合租】望京 康营家园 3室主卧,康营家园,2480,http://bj.58.com/pinpaigongyu/33462816264516x.shtml?psid=117192097199509340384912032
【整租】九棵树 九棵树家园 1室1厅,九棵树家园,2180,http://bj.58.com/pinpaigongyu/33218804201910x.shtml?psid=117192097199509340384912032
【整租】花乡 乐乎社区 1室1厅,乐乎社区,2600,http://bj.58.com/pinpaigongyu/33389727595068x.shtml?psid=117192097199509340384912032
【整租】新华大街 潞河园 1室1厅,潞河园,2180,http://bj.58.com/pinpaigongyu/33497529964460x.shtml?psid=117192097199509340384912032
【合租】新华大街 北京ONE 1室主卧,北京ONE,2180,http://bj.58.com/pinpaigongyu/33218770553647x.shtml?psid=117192097199509340384912032
【整租】新华大街 新城东里 1室1厅,新城东里,2180,http://bj.58.com/pinpaigongyu/33211736913598x.shtml?psid=117192097199509340384912032
【整租】新华大街 车站路小区 1室1厅,车站路小区,2180,http://bj.58.com/pinpaigongyu/33210645857583x.shtml?psid=117192097199509340384912032
【合租】立水桥 明天第一城 3室次卧,明天第一城,2630,http://bj.58.com/pinpaigongyu/33531188690217x.shtml?psid=117192097199509340384912032
【整租】乐乎社区 玉泉营 玉泉营中池店,玉泉营,2550-3100,http://bj.58.com/pinpaigongyu/33421456355260x.shtml?psid=117192097199509340384912032
【合租】安贞 安贞里(三区) 3室次卧,安贞里(三区),2580,http://bj.58.com/pinpaigongyu/32148531931322x.shtml?psid=117192097199509340384912032
【合租】北苑 恒大名都 3室主卧,恒大名都,2650,http://bj.58.com/pinpaigongyu/31683789620777x.shtml?psid=117192097199509340384912032
【合租】崇文门 国瑞城中区 4室主卧,国瑞城中区,3000,http://bj.58.com/pinpaigongyu/32569990148157x.shtml?psid=117192097199509340384912032
【整租】青遇home 果园 青遇东郎,果园,2800-3000,http://bj.58.com/pinpaigongyu/33443880998326x.shtml?psid=117192097199509340384912032
【合租】东关 富力运河10号小 3室主卧,富力运河10号小,2600,http://bj.58.com/pinpaigongyu/33551737104712x.shtml?psid=117192097199509340384912032
【合租】双桥 康惠园三号院 1室主卧,康惠园三号院,2200,http://bj.58.com/pinpaigongyu/33286282337610x.shtml?psid=117192097199509340384912032
【合租】回龙观 回龙观新村中区 3室次卧,回龙观新村中区,2030,http://bj.58.com/pinpaigongyu/33529117207356x.shtml?psid=117192097199509340384912032
【合租】安贞 安贞里(一区) 3室次卧,安贞里(一区),2660,http://bj.58.com/pinpaigongyu/32635416656169x.shtml?psid=117192097199509340384912032
【整租】新华大街 新城东里 1室1厅,新城东里,2180,http://bj.58.com/pinpaigongyu/33318784376778x.shtml?psid=130270816199509340455999402
【整租】通州北苑 后南仓小区 1室1厅,后南仓小区,2180,http://bj.58.com/pinpaigongyu/33218851503923x.shtml?psid=130270816199509340455999402
【整租】百子湾 乐乎城市青年社区 1室1厅,【整租】百子湾,2850,http://bj.58.com/pinpaigongyu/33509959568591x.shtml?psid=130270816199509340455999402
【整租】定福庄 定福庄青年社区 1室1厅,【整租】定福庄,2650,http://bj.58.com/pinpaigongyu/32347756829759x.shtml?psid=130270816199509340455999402
【整租】九棵树 九棵树家园 1室1厅,九棵树家园,2180,http://bj.58.com/pinpaigongyu/32113175428915x.shtml?psid=130270816199509340455999402
【合租】孙河 康营家园24期 3室次卧,康营家园24期,2280,http://bj.58.com/pinpaigongyu/33462593375028x.shtml?psid=130270816199509340455999402
【整租】九棵树 九棵树家园 1室1厅,九棵树家园,2180,http://bj.58.com/pinpaigongyu/33318757141183x.shtml?psid=130270816199509340455999402
【合租】孙河 康营家园15期 3室主卧,康营家园15期,2480,http://bj.58.com/pinpaigongyu/33550579508545x.shtml?psid=130270816199509340455999402
【整租】新华大街 新城东里 1室1厅,新城东里,2180,http://bj.58.com/pinpaigongyu/33211658676936x.shtml?psid=130270816199509340455999402
【整租】双桥 乐乎城市青年社区 1室1厅,【整租】双桥,2550,http://bj.58.com/pinpaigongyu/32423191837374x.shtml?psid=130270816199509340455999402
【合租】常营 优点社区 3室主卧,优点社区,2610,http://bj.58.com/pinpaigongyu/33510606885695x.shtml?psid=130270816199509340455999402
【整租】魔方公寓 管庄 杨闸环岛店,管庄,2760-2950,http://bj.58.com/pinpaigongyu/32924161187763x.shtml?psid=130270816199509340455999402
【合租】管庄 管庄新村D区 3室主卧,管庄新村D区,2320,http://bj.58.com/pinpaigongyu/31638979370825x.shtml?psid=130270816199509340455999402
【合租】崇文门 国瑞城东区 2室次卧,国瑞城东区,2200,http://bj.58.com/pinpaigongyu/33031045992271x.shtml?psid=130270816199509340455999402
【合租】安贞 安贞西里三区 3室次卧,安贞西里三区,2600,http://bj.58.com/pinpaigongyu/32635018728908x.shtml?psid=130270816199509340455999402
【整租】远江公寓 运河大街 运河大街店,运河大街,2680-2880,http://bj.58.com/pinpaigongyu/31773767388235x.shtml?psid=130270816199509340455999402
【合租】果园 达富苑小区 4室主卧,达富苑小区,2500,http://bj.58.com/pinpaigongyu/33465589610052x.shtml?psid=130270816199509340455999402
【合租】垡头 格林莱雅 3室主卧,格林莱雅,2680,http://bj.58.com/pinpaigongyu/31638822709584x.shtml?psid=130270816199509340455999402
【合租】崇文门 国瑞城中区 2室次卧,国瑞城中区,2400,http://bj.58.com/pinpaigongyu/32765619540554x.shtml?psid=130270816199509340455999402
【合租】常营 北辰福第中区 3室主卧,北辰福第中区,2660,http://bj.58.com/pinpaigongyu/33543554772536x.shtml?psid=130270816199509340455999402
【整租】百子湾 乐乎城市青年社区 1室1厅,【整租】百子湾,2690,http://bj.58.com/pinpaigongyu/32799045493931x.shtml?psid=190167172199509340515873592
【整租】新华大街 车站路小区 1室1厅,车站路小区,2180,http://bj.58.com/pinpaigongyu/33210488943426x.shtml?psid=190167172199509340515873592
【整租】通州北苑 乐乎城市青年社区 1室1厅,【整租】通州北苑,2350,http://bj.58.com/pinpaigongyu/33529754840507x.shtml?psid=190167172199509340515873592
【整租】高碑店 乐乎城市青年社区 1室1厅,【整租】高碑店,2800,http://bj.58.com/pinpaigongyu/33352630457164x.shtml?psid=190167172199509340515873592
【合租】孙河 康营家园24期 2室次卧,康营家园24期,2000,http://bj.58.com/pinpaigongyu/33464336048942x.shtml?psid=190167172199509340515873592
【整租】欢乐谷 五方桥青年社区 1室1厅,【整租】欢乐谷,2450,http://bj.58.com/pinpaigongyu/32336691891912x.shtml?psid=190167172199509340515873592
【整租】新华大街 潞河中学北街小区 1室1厅,潞河中学北街小区,2180,http://bj.58.com/pinpaigongyu/33210728763972x.shtml?psid=190167172199509340515873592
【合租】望京 康营家园 3室主卧,康营家园,2580,http://bj.58.com/pinpaigongyu/33462841123513x.shtml?psid=190167172199509340515873592
【整租】新华大街 潞河中学北街小区 1室1厅,潞河中学北街小区,2180,http://bj.58.com/pinpaigongyu/33210351513914x.shtml?psid=190167172199509340515873592
【整租】花乡 乐乎社区 1室1厅,乐乎社区,2600,http://bj.58.com/pinpaigongyu/33396515690955x.shtml?psid=190167172199509340515873592
【合租】崇文门 国瑞城东区 2室主卧,国瑞城东区,2900,http://bj.58.com/pinpaigongyu/32842979584697x.shtml?psid=190167172199509340515873592
【整租】乐乎城市青年社区 花乡 乐乎花乡桥店,花乡,2500-2800,http://bj.58.com/pinpaigongyu/31377003481294x.shtml?psid=190167172199509340515873592
【合租】安贞 安贞里四区 1室次卧,安贞里四区,2680,http://bj.58.com/pinpaigongyu/33453690294585x.shtml?psid=190167172199509340515873592
【合租】运河大街 运河明珠家园 3室次卧,运河明珠家园,2730,http://bj.58.com/pinpaigongyu/31394787923501x.shtml?psid=190167172199509340515873592
【合租】崇文门 新景家园东区 2室次卧,新景家园东区,2550,http://bj.58.com/pinpaigongyu/32732553302958x.shtml?psid=190167172199509340515873592
【整租】乐乎社区 玉泉营 玉泉营中池店,玉泉营,2550-3100,http://bj.58.com/pinpaigongyu/33521216235590x.shtml?psid=190167172199509340515873592
【合租】安贞 安贞里四区 3室主卧,安贞里四区,2800,http://bj.58.com/pinpaigongyu/31529786150733x.shtml?psid=190167172199509340515873592
【合租】北关 永顺南街136号 3室主卧,永顺南街136号,2230,http://bj.58.com/pinpaigongyu/31372950774094x.shtml?psid=190167172199509340515873592
【合租】崇文门 新景家园东区 3室主卧,新景家园东区,2950,http://bj.58.com/pinpaigongyu/32754415825596x.shtml?psid=190167172199509340515873592
【合租】方庄 紫芳园一区 4室次卧,紫芳园一区,2660,http://bj.58.com/pinpaigongyu/33530267057197x.shtml?psid=190167172199509340515873592
【合租】东直门 康营家园17期 3室主卧,康营家园17期,2480,http://bj.58.com/pinpaigongyu/33489335488817x.shtml?psid=109280719199509340552723661
【整租】双桥 传媒大学青年社区 1室1厅,【整租】双桥,2650,http://bj.58.com/pinpaigongyu/32337739540538x.shtml?psid=109280719199509340552723661
【整租】新华大街 西上园 1室1厅,西上园,2180,http://bj.58.com/pinpaigongyu/33210880165185x.shtml?psid=109280719199509340552723661
【整租】花乡 乐乎社区 1室1厅,乐乎社区,2600,http://bj.58.com/pinpaigongyu/33551374705833x.shtml?psid=109280719199509340552723661
【整租】定福庄 传媒大学乐乎城市 1室1厅,传媒大学乐乎城市,2700,http://bj.58.com/pinpaigongyu/32348489293117x.shtml?psid=109280719199509340552723661
【合租】孙河 康营家园15期 3室主卧,康营家园15期,2200,http://bj.58.com/pinpaigongyu/33517353389998x.shtml?psid=109280719199509340552723661
【整租】玉泉营 优惠一千 1室1厅,优惠一千,2700,http://bj.58.com/pinpaigongyu/33485743735475x.shtml?psid=109280719199509340552723661
【整租】新华大街 潞河中学北街小区 1室1厅,潞河中学北街小区,2180,http://bj.58.com/pinpaigongyu/33208718260288x.shtml?psid=109280719199509340552723661
【合租】孙河 康营家园17期 3室主卧,康营家园17期,2580,http://bj.58.com/pinpaigongyu/33550902147897x.shtml?psid=109280719199509340552723661
【整租】百子湾 乐乎城市青年社区 1室1厅,【整租】百子湾,2800,http://bj.58.com/pinpaigongyu/33189842402491x.shtml?psid=109280719199509340552723661
【合租】崇文门 新景家园东区 4室次卧,新景家园东区,2000,http://bj.58.com/pinpaigongyu/32743563613643x.shtml?psid=109280719199509340552723661
【整租】乐乎公寓 科技园区 花乡店,科技园区,2800-3100,http://bj.58.com/pinpaigongyu/32415460697787x.shtml?psid=109280719199509340552723661
【合租】安贞 安贞西里四区 3室次卧,安贞西里四区,2680,http://bj.58.com/pinpaigongyu/33332275949381x.shtml?psid=109280719199509340552723661
【合租】双桥 康惠园五号院 3室主卧,康惠园五号院,2860,http://bj.58.com/pinpaigongyu/31141119028156x.shtml?psid=109280719199509340552723661
【合租】崇文门 新景家园东区 3室次卧,新景家园东区,2400,http://bj.58.com/pinpaigongyu/33539547864877x.shtml?psid=109280719199509340552723661
【整租】青遇home 高碑店 青遇店,高碑店,2700-3200,http://bj.58.com/pinpaigongyu/33042472711601x.shtml?psid=109280719199509340552723661
【合租】双桥 康惠园二号院 4室主卧,康惠园二号院,2600,http://bj.58.com/pinpaigongyu/32956271734593x.shtml?psid=109280719199509340552723661
【合租】东花市 花市枣苑 3室次卧,花市枣苑,2800,http://bj.58.com/pinpaigongyu/32732453972278x.shtml?psid=109280719199509340552723661
【合租】回龙观 回龙观新村东区 4室次卧,回龙观新村东区,2330,http://bj.58.com/pinpaigongyu/33545935446196x.shtml?psid=109280719199509340552723661
【合租】双桥 康惠园二号院 3室主卧,康惠园二号院,2690,http://bj.58.com/pinpaigongyu/31394116981176x.shtml?psid=109280719199509340552723661
【合租】望京 康营家园17期 3室主卧,康营家园17期,2200,http://bj.58.com/pinpaigongyu/33462730683972x.shtml?psid=142187726199509340596569397
【合租】孙河 康营家园17期 2室主卧,康营家园17期,2100,http://bj.58.com/pinpaigongyu/33486620727729x.shtml?psid=142187726199509340596569397
【整租】福泰院子 上地 上地福泰院子,上地,3000-3600,http://bj.58.com/pinpaigongyu/33255743706316x.shtml?psid=142187726199509340596569397
【合租】果园 果园东区 1室主卧,果园东区,2180,http://bj.58.com/pinpaigongyu/33210956588607x.shtml?psid=142187726199509340596569397
【整租】欢乐谷 五方桥城市青年社 1室1厅,五方桥城市青年社,2500,http://bj.58.com/pinpaigongyu/32336732183857x.shtml?psid=142187726199509340596569397
【整租】百子湾 乐乎城市青年社区 1室1厅,【整租】百子湾,2600,http://bj.58.com/pinpaigongyu/33186884103352x.shtml?psid=142187726199509340596569397
【整租】花乡 乐乎城市青年社区 1室1厅,【整租】花乡,2650,http://bj.58.com/pinpaigongyu/33487065187270x.shtml?psid=142187726199509340596569397
【整租】欢乐谷 乐乎城市青年社区 1室1厅,【整租】欢乐谷,2500,http://bj.58.com/pinpaigongyu/32336742172866x.shtml?psid=142187726199509340596569397
【合租】三元桥 康营家园14期 2室次卧,康营家园14期,2280,http://bj.58.com/pinpaigongyu/32709835791663x.shtml?psid=142187726199509340596569397
【整租】欢乐谷 欢乐谷 1室1厅,欢乐谷,2450,http://bj.58.com/pinpaigongyu/32345925175116x.shtml?psid=142187726199509340596569397
【合租】双桥 金隅康惠园 3室次卧,金隅康惠园,2390,http://bj.58.com/pinpaigongyu/33523667379404x.shtml?psid=142187726199509340596569397
【整租】远江公寓 运河大街 运河大街店,运河大街,2680-2880,http://bj.58.com/pinpaigongyu/31486489258153x.shtml?psid=142187726199509340596569397
【合租】崇文门 新景家园西区 3室主卧,新景家园西区,3000,http://bj.58.com/pinpaigongyu/32787915369929x.shtml?psid=142187726199509340596569397
【合租】朝青板块 金隅汇星苑 3室次卧,金隅汇星苑,2330,http://bj.58.com/pinpaigongyu/33541096555454x.shtml?psid=142187726199509340596569397
【合租】乔庄 玉桥南里南区 3室主卧,玉桥南里南区,2410,http://bj.58.com/pinpaigongyu/33000683403564x.shtml?psid=142187726199509340596569397
【整租】乐乎公寓 通州北苑 通州北苑店,通州北苑,2300-2600,http://bj.58.com/pinpaigongyu/33498955350348x.shtml?psid=142187726199509340596569397
【合租】回龙观 融泽嘉园2号院 3室主卧,融泽嘉园2号院,2590,http://bj.58.com/pinpaigongyu/33528961900089x.shtml?psid=142187726199509340596569397
【合租】双桥 远洋一方润园东区 3室主卧,远洋一方润园东区,2190,http://bj.58.com/pinpaigongyu/32993332451269x.shtml?psid=142187726199509340596569397
【合租】崇文门 东花市北里中区 3室主卧,东花市北里中区,2400,http://bj.58.com/pinpaigongyu/32710556173741x.shtml?psid=142187726199509340596569397
【合租】双桥 金隅康惠园 3室次卧,金隅康惠园,2190,http://bj.58.com/pinpaigongyu/33512910483501x.shtml?psid=142187726199509340596569397
【整租】玉泉营 乐乎城市青年社区 1室1厅,【整租】玉泉营,2600,http://bj.58.com/pinpaigongyu/33418892136393x.shtml?psid=156507773199509340632914250
【合租】孙河 康营家园17期 3室主卧,康营家园17期,2480,http://bj.58.com/pinpaigongyu/33550845809464x.shtml?psid=156507773199509340632914250
【合租】孙河 康营家园15期 3室主卧,康营家园15期,2200,http://bj.58.com/pinpaigongyu/33517343560648x.shtml?psid=156507773199509340632914250
【整租】双桥 双桥青年社区 1室1厅,【整租】双桥,2700,http://bj.58.com/pinpaigongyu/32348138557518x.shtml?psid=156507773199509340632914250
【整租】百子湾 乐乎城市青年社区 1室1厅,【整租】百子湾,3000,http://bj.58.com/pinpaigongyu/33509999738055x.shtml?psid=156507773199509340632914250
【整租】九棵树 九棵树家园 1室1厅,九棵树家园,2180,http://bj.58.com/pinpaigongyu/33211347122991x.shtml?psid=156507773199509340632914250
【合租】孙河 康营家园17期 3室主卧,康营家园17期,2000,http://bj.58.com/pinpaigongyu/33518182676396x.shtml?psid=156507773199509340632914250
【合租】孙河 康营家园14期 3室次卧,康营家园14期,2180,http://bj.58.com/pinpaigongyu/32709713266105x.shtml?psid=156507773199509340632914250
【整租】总部基地 乐乎社区 1室1厅,乐乎社区,2500,http://bj.58.com/pinpaigongyu/33219078854594x.shtml?psid=156507773199509340632914250
【整租】新华大街 车站路小区 1室1厅,车站路小区,2180,http://bj.58.com/pinpaigongyu/33384655470656x.shtml?psid=156507773199509340632914250
【合租】崇文门 新裕家园 2室主卧,新裕家园,2900,http://bj.58.com/pinpaigongyu/32887249300546x.shtml?psid=156507773199509340632914250
【整租】乐乎社区 花乡 乐乎社区花乡店,花乡,2600-3000,http://bj.58.com/pinpaigongyu/33454800633917x.shtml?psid=156507773199509340632914250
【合租】洋桥 马家堡东里 3室次卧,马家堡东里,2990,http://bj.58.com/pinpaigongyu/32391546888014x.shtml?psid=156507773199509340632914250
【合租】东花市 本家润园C区 4室次卧,本家润园C区,2000,http://bj.58.com/pinpaigongyu/32571027845835x.shtml?psid=156507773199509340632914250
【合租】定福庄 管庄新村 3室次卧,管庄新村,2330,http://bj.58.com/pinpaigongyu/33532264640848x.shtml?psid=156507773199509340632914250
【整租】青遇home 果园 青遇东郎,果园,2800-3000,http://bj.58.com/pinpaigongyu/33443883937973x.shtml?psid=156507773199509340632914250
【合租】崇文门 新景家园东区 2室主卧,新景家园东区,3000,http://bj.58.com/pinpaigongyu/32632930692783x.shtml?psid=156507773199509340632914250
【合租】定福庄 管庄新村 3室次卧,管庄新村,2160,http://bj.58.com/pinpaigongyu/33532801344574x.shtml?psid=156507773199509340632914250
【合租】双桥 远洋一方润园东区 5室主卧,远洋一方润园东区,2260,http://bj.58.com/pinpaigongyu/31872356345007x.shtml?psid=156507773199509340632914250
【合租】崇文门 新景家园东区 2室次卧,新景家园东区,2100,http://bj.58.com/pinpaigongyu/32633072982732x.shtml?psid=156507773199509340632914250
【整租】花乡 乐乎青年公寓 1室1厅,【整租】花乡,2600,http://bj.58.com/pinpaigongyu/33540033799247x.shtml?psid=139575367199509340678540822
【整租】高碑店 乐乎城市青年社区 1室1厅,【整租】高碑店,2800,http://bj.58.com/pinpaigongyu/33352677761841x.shtml?psid=139575367199509340678540822
【整租】九棵树 九棵树家园 1室1厅,九棵树家园,2180,http://bj.58.com/pinpaigongyu/33219029738573x.shtml?psid=139575367199509340678540822
【整租】百子湾 乐乎城市青年社区 1室1厅,【整租】百子湾,2800,http://bj.58.com/pinpaigongyu/32799178769710x.shtml?psid=139575367199509340678540822
【整租】百子湾 乐乎城市青年社区 1室1厅,【整租】百子湾,2850,http://bj.58.com/pinpaigongyu/33186814693560x.shtml?psid=139575367199509340678540822
【合租】孙河 康营家园17期 2室主卧,康营家园17期,2000,http://bj.58.com/pinpaigongyu/33439927557704x.shtml?psid=139575367199509340678540822
【整租】新华大街 车站路小区 1室1厅,车站路小区,2180,http://bj.58.com/pinpaigongyu/33210507708862x.shtml?psid=139575367199509340678540822
【合租】孙河 康营家园7期 3室次卧,康营家园7期,2000,http://bj.58.com/pinpaigongyu/33462571744976x.shtml?psid=139575367199509340678540822
【整租】新华大街 新城东里 1室1厅,新城东里,2180,http://bj.58.com/pinpaigongyu/33211713610296x.shtml?psid=139575367199509340678540822
【整租】玉泉营 乐乎社区 1室1厅,乐乎社区,2600,http://bj.58.com/pinpaigongyu/33518891779126x.shtml?psid=139575367199509340678540822
【合租】北苑 恒大名都 3室主卧,恒大名都,2750,http://bj.58.com/pinpaigongyu/31615401908525x.shtml?psid=139575367199509340678540822
【整租】远江公寓 运河大街 运河大街店,运河大街,2680-3380,http://bj.58.com/pinpaigongyu/31486471134127x.shtml?psid=139575367199509340678540822
【合租】双桥 康惠园二号院 3室主卧,康惠园二号院,2870,http://bj.58.com/pinpaigongyu/31505098473422x.shtml?psid=139575367199509340678540822
【合租】崇文门 新景家园东区 3室主卧,新景家园东区,2900,http://bj.58.com/pinpaigongyu/32036572711209x.shtml?psid=139575367199509340678540822
【合租】欢乐谷 紫南家园北区 3室主卧,紫南家园北区,2740,http://bj.58.com/pinpaigongyu/31373053891005x.shtml?psid=139575367199509340678540822
【整租】乐乎公寓 百子湾 南花园店,百子湾,2300-2800,http://bj.58.com/pinpaigongyu/32359594760372x.shtml?psid=139575367199509340678540822
【合租】北关 永顺南街136号 3室主卧,永顺南街136号,2050,http://bj.58.com/pinpaigongyu/31297850234813x.shtml?psid=139575367199509340678540822
【合租】崇文门 新景家园东区 1室主卧,新景家园东区,2900,http://bj.58.com/pinpaigongyu/32469060357827x.shtml?psid=139575367199509340678540822
【合租】朝青板块 雅成一里 3室主卧,雅成一里,2780,http://bj.58.com/pinpaigongyu/31250876726070x.shtml?psid=139575367199509340678540822
【合租】崇文门 国瑞城中区 1室次卧,国瑞城中区,2200,http://bj.58.com/pinpaigongyu/33517603790786x.shtml?psid=139575367199509340678540822
【整租】玉泉营 乐乎社区 1室1厅,乐乎社区,2600,http://bj.58.com/pinpaigongyu/33518891779126x.shtml?psid=136593983199509340723039753
【整租】欢乐谷 青年社区 1室1厅,【整租】欢乐谷,2450,http://bj.58.com/pinpaigongyu/32334666134316x.shtml?psid=136593983199509340723039753
【整租】欢乐谷 乐乎城市青年社区 1室1厅,【整租】欢乐谷,2500,http://bj.58.com/pinpaigongyu/33197454798517x.shtml?psid=136593983199509340723039753
【整租】新华大街 潞河中学北街小区 1室1厅,潞河中学北街小区,2180,http://bj.58.com/pinpaigongyu/33211267407546x.shtml?psid=136593983199509340723039753
【整租】新华大街 潞河园 1室1厅,潞河园,2180,http://bj.58.com/pinpaigongyu/33218674809923x.shtml?psid=136593983199509340723039753
【整租】欢乐谷 青年社区 1室1厅,【整租】欢乐谷,2450,http://bj.58.com/pinpaigongyu/32336704580159x.shtml?psid=136593983199509340723039753
【整租】A+麒寓 双桥 A+麒寓双桥店,双桥,2560-4000,http://bj.58.com/pinpaigongyu/33487974279361x.shtml?psid=136593983199509340723039753
【整租】百子湾 乐乎城市青年社区 1室1厅,【整租】百子湾,2800,http://bj.58.com/pinpaigongyu/32654160541997x.shtml?psid=136593983199509340723039753
【整租】百子湾 百子湾 1室1厅,百子湾,2800,http://bj.58.com/pinpaigongyu/33509887308334x.shtml?psid=136593983199509340723039753
【整租】花乡 乐乎城市青年社区 1室1厅,【整租】花乡,2600,http://bj.58.com/pinpaigongyu/33297647945667x.shtml?psid=136593983199509340723039753
【合租】管庄 管庄新村D区 3室主卧,管庄新村D区,2180,http://bj.58.com/pinpaigongyu/31639009431242x.shtml?psid=136593983199509340723039753
【整租】乐乎社区 百子湾 百子湾花园店,百子湾,2700-3350,http://bj.58.com/pinpaigongyu/33384661475374x.shtml?psid=136593983199509340723039753
【合租】定福庄 定福家园北里 3室次卧,定福家园北里,2660,http://bj.58.com/pinpaigongyu/33532375424706x.shtml?psid=136593983199509340723039753
【合租】崇文门 新景家园东区 3室次卧,新景家园东区,2000,http://bj.58.com/pinpaigongyu/32842862327628x.shtml?psid=136593983199509340723039753
【合租】双桥 康惠园三号院 3室主卧,康惠园三号院,2790,http://bj.58.com/pinpaigongyu/33022065774010x.shtml?psid=136593983199509340723039753
【整租】青遇home 高碑店 青遇店,高碑店,2500-3100,http://bj.58.com/pinpaigongyu/33440109581126x.shtml?psid=136593983199509340723039753
【合租】新华大街 潞河中学北街26 3室主卧,潞河中学北街26,2100,http://bj.58.com/pinpaigongyu/32954489923784x.shtml?psid=136593983199509340723039753
【合租】东花市 富贵园三区 2室次卧,富贵园三区,2500,http://bj.58.com/pinpaigongyu/32765717742413x.shtml?psid=136593983199509340723039753
【合租】双桥 康惠园一号院 2室主卧,康惠园一号院,2750,http://bj.58.com/pinpaigongyu/32799554706348x.shtml?psid=136593983199509340723039753
【合租】崇文门 新景家园东区 3室主卧,新景家园东区,2700,http://bj.58.com/pinpaigongyu/32135864119376x.shtml?psid=136593983199509340723039753
【整租】高碑店 乐乎城市青年社区 1室1厅,【整租】高碑店,2800,http://bj.58.com/pinpaigongyu/33352608546248x.shtml?psid=109281295199509340769330789
【整租】玉泉营 订房优惠一千 1室1厅,订房优惠一千,2600,http://bj.58.com/pinpaigongyu/33434179960001x.shtml?psid=109281295199509340769330789
【合租】孙河 康营家园17期 3室主卧,康营家园17期,2580,http://bj.58.com/pinpaigongyu/33374951200832x.shtml?psid=109281295199509340769330789
【整租】新华大街 车站路小区 1室1厅,车站路小区,2180,http://bj.58.com/pinpaigongyu/33208666980425x.shtml?psid=109281295199509340769330789
【合租】东直门 康营家园17期 3室主卧,康营家园17期,2200,http://bj.58.com/pinpaigongyu/33476037670222x.shtml?psid=109281295199509340769330789
【合租】新华大街 新城东里 1室主卧,新城东里,2180,http://bj.58.com/pinpaigongyu/33211098020809x.shtml?psid=109281295199509340769330789
【整租】花乡 乐乎社区 1室1厅,乐乎社区,2600,http://bj.58.com/pinpaigongyu/33517855213773x.shtml?psid=109281295199509340769330789
【整租】双桥 乐乎城市青年社区 1室1厅,【整租】双桥,2580,http://bj.58.com/pinpaigongyu/32469165218484x.shtml?psid=109281295199509340769330789
【整租】百子湾 乐乎城市青年社区 1室1厅,【整租】百子湾,2790,http://bj.58.com/pinpaigongyu/33197474724430x.shtml?psid=109281295199509340769330789
【整租】百子湾 乐乎城市青年社区 1室1厅,【整租】百子湾,2800,http://bj.58.com/pinpaigongyu/32820758962485x.shtml?psid=109281295199509340769330789
【合租】双桥 远洋一方润园西北 4室主卧,远洋一方润园西北,2300,http://bj.58.com/pinpaigongyu/31872389918532x.shtml?psid=109281295199509340769330789
【整租】远江公寓 运河大街 运河大街店,运河大街,2480-2880,http://bj.58.com/pinpaigongyu/31497326219823x.shtml?psid=109281295199509340769330789
【合租】管庄 远洋一方润园西区 3室次卧,远洋一方润园西区,2350,http://bj.58.com/pinpaigongyu/32013205599537x.shtml?psid=109281295199509340769330789
【合租】崇文门 新景家园东区 3室次卧,新景家园东区,2300,http://bj.58.com/pinpaigongyu/33030992208558x.shtml?psid=109281295199509340769330789
【合租】甘露园 甘露园南里一区 2室主卧,甘露园南里一区,2870,http://bj.58.com/pinpaigongyu/31796002756781x.shtml?psid=109281295199509340769330789
【整租】乐乎公寓 欢乐谷 五方桥店,欢乐谷,2450-2850,http://bj.58.com/pinpaigongyu/32415466799291x.shtml?psid=109281295199509340769330789
【合租】运河大街 小园小区 3室主卧,小园小区,2160,http://bj.58.com/pinpaigongyu/31682251290166x.shtml?psid=109281295199509340769330789
【合租】崇文门 新景家园东区 2室次卧,新景家园东区,2000,http://bj.58.com/pinpaigongyu/32787626066510x.shtml?psid=109281295199509340769330789
【合租】高碑店 兴隆家园南区 2室主卧,兴隆家园南区,2650,http://bj.58.com/pinpaigongyu/31638761050426x.shtml?psid=109281295199509340769330789
【合租】崇文门 新景家园东区 2室次卧,新景家园东区,2400,http://bj.58.com/pinpaigongyu/32798704949817x.shtml?psid=109281295199509340769330789
【整租】九棵树 九棵树家园 1室1厅,九棵树家园,2180,http://bj.58.com/pinpaigongyu/33384693437504x.shtml?psid=173156736199509340817224446
【整租】百子湾 乐乎城市青年社区 1室1厅,【整租】百子湾,2790,http://bj.58.com/pinpaigongyu/33509786909886x.shtml?psid=173156736199509340817224446
【整租】四惠 乐乎城市青年社区 1室1厅,【整租】四惠,2550,http://bj.58.com/pinpaigongyu/32346133234985x.shtml?psid=173156736199509340817224446
【整租】定福庄 传媒大学青年社区 1室1厅,【整租】定福庄,2650,http://bj.58.com/pinpaigongyu/32337986676160x.shtml?psid=173156736199509340817224446
【整租】定福庄 传媒大学乐乎城市 1室1厅,传媒大学乐乎城市,2650,http://bj.58.com/pinpaigongyu/32337679999424x.shtml?psid=173156736199509340817224446
【整租】百子湾 乐乎城市青年社区 1室1厅,【整租】百子湾,2800,http://bj.58.com/pinpaigongyu/33402370318002x.shtml?psid=173156736199509340817224446
【整租】九棵树 九棵树家园 1室1厅,九棵树家园,2180,http://bj.58.com/pinpaigongyu/33232514497485x.shtml?psid=173156736199509340817224446
【整租】新华大街 新城东里 1室1厅,新城东里,2180,http://bj.58.com/pinpaigongyu/33212004257579x.shtml?psid=173156736199509340817224446
【整租】玉泉营 乐乎城市青年社区 1室1厅,【整租】玉泉营,2600,http://bj.58.com/pinpaigongyu/33508382765008x.shtml?psid=173156736199509340817224446
【整租】新华大街 潞河中学北街26 1室1厅,潞河中学北街26,2180,http://bj.58.com/pinpaigongyu/33232583309767x.shtml?psid=173156736199509340817224446
【合租】欢乐谷 紫南家园北区 3室主卧,紫南家园北区,2810,http://bj.58.com/pinpaigongyu/31372937517481x.shtml?psid=173156736199509340817224446
【整租】乐乎社区 花乡 乐乎社区花乡店,花乡,2600-3100,http://bj.58.com/pinpaigongyu/33267051613485x.shtml?psid=173156736199509340817224446
【合租】高碑店 白领家园 3室主卧,白领家园,2670,http://bj.58.com/pinpaigongyu/31372966091590x.shtml?psid=173156736199509340817224446
【合租】东花市 花市枣苑 3室主卧,花市枣苑,2500,http://bj.58.com/pinpaigongyu/32668839843890x.shtml?psid=173156736199509340817224446
【合租】朝青板块 雅成一里 3室次卧,雅成一里,2680,http://bj.58.com/pinpaigongyu/31250866104911x.shtml?psid=173156736199509340817224446
【整租】青遇home 高碑店 大地文苑,高碑店,3000-4400,http://bj.58.com/pinpaigongyu/32116500492747x.shtml?psid=173156736199509340817224446
【合租】新华大街 潞河中学北街26 3室主卧,潞河中学北街26,2146,http://bj.58.com/pinpaigongyu/31119576939978x.shtml?psid=173156736199509340817224446
【合租】广渠门 广渠家园 2室主卧,广渠家园,2300,http://bj.58.com/pinpaigongyu/32798722294208x.shtml?psid=173156736199509340817224446
【合租】回龙观 龙兴园西区 2室主卧,龙兴园西区,2470,http://bj.58.com/pinpaigongyu/32736155244078x.shtml?psid=173156736199509340817224446
【合租】广渠门 广渠家园 3室次卧,广渠家园,2100,http://bj.58.com/pinpaigongyu/32809814387634x.shtml?psid=173156736199509340817224446
【整租】新华大街 潞河中学北街26 1室1厅,潞河中学北街26,2180,http://bj.58.com/pinpaigongyu/33232583309767x.shtml?psid=192011642199509340854475481
【合租】三元桥 康营家园17期 3室主卧,康营家园17期,2480,http://bj.58.com/pinpaigongyu/33475659363781x.shtml?psid=192011642199509340854475481
【合租】孙河 康营家园17期 3室主卧,康营家园17期,2480,http://bj.58.com/pinpaigongyu/33484809369386x.shtml?psid=192011642199509340854475481
【整租】百子湾 乐乎城市青年社区 1室1厅,【整租】百子湾,2800,http://bj.58.com/pinpaigongyu/33432097772723x.shtml?psid=192011642199509340854475481
【整租】百子湾 乐乎城市青年社区 1室1厅,【整租】百子湾,2800,http://bj.58.com/pinpaigongyu/33473924935081x.shtml?psid=192011642199509340854475481
【整租】百子湾 百子湾家园(B区 1室1厅,百子湾家园(B区,2800,http://bj.58.com/pinpaigongyu/33541355059625x.shtml?psid=192011642199509340854475481
【整租】欢乐谷 五方桥青年社区 1室1厅,【整租】欢乐谷,2500,http://bj.58.com/pinpaigongyu/32336717090113x.shtml?psid=192011642199509340854475481
【整租】双桥 传媒大学乐乎城市 1室1厅,传媒大学乐乎城市,2650,http://bj.58.com/pinpaigongyu/32337790458805x.shtml?psid=192011642199509340854475481
【整租】百子湾 乐乎城市青年社区 1室1厅,【整租】百子湾,2900,http://bj.58.com/pinpaigongyu/33484352825135x.shtml?psid=192011642199509340854475481
【整租】通州北苑 乐乎城市青年社区 1室1厅,【整租】通州北苑,2400,http://bj.58.com/pinpaigongyu/33278307793231x.shtml?psid=192011642199509340854475481
【合租】甘露园 甘露园南里一区 2室主卧,甘露园南里一区,2990,http://bj.58.com/pinpaigongyu/32755450657595x.shtml?psid=192011642199509340854475481
【整租】远江公寓 运河大街 运河大街店,运河大街,2680-3380,http://bj.58.com/pinpaigongyu/31486461902911x.shtml?psid=192011642199509340854475481
【合租】垡头 格林莱雅 3室主卧,格林莱雅,2740,http://bj.58.com/pinpaigongyu/32743360575687x.shtml?psid=192011642199509340854475481
【合租】崇文门 新裕家园 1室次卧,新裕家园,2000,http://bj.58.com/pinpaigongyu/31949347979461x.shtml?psid=192011642199509340854475481
【合租】管庄 远洋一方润园西区 2室主卧,远洋一方润园西区,2220,http://bj.58.com/pinpaigongyu/32433940250696x.shtml?psid=192011642199509340854475481
【整租】乐乎公寓 欢乐谷 五方桥店,欢乐谷,2450-2850,http://bj.58.com/pinpaigongyu/32426109427768x.shtml?psid=192011642199509340854475481
【合租】高碑店 康家园西社区 3室主卧,康家园西社区,2690,http://bj.58.com/pinpaigongyu/32168678584491x.shtml?psid=192011642199509340854475481
【合租】崇文门 新景家园东区 2室次卧,新景家园东区,2500,http://bj.58.com/pinpaigongyu/32668824549328x.shtml?psid=192011642199509340854475481
【合租】双桥 远洋一方润园东北 5室主卧,远洋一方润园东北,2320,http://bj.58.com/pinpaigongyu/31872346770738x.shtml?psid=192011642199509340854475481
【合租】广渠门 东方财富 3室次卧,东方财富,2100,http://bj.58.com/pinpaigongyu/32349065143373x.shtml?psid=192011642199509340854475481
